Rank,School,Overall score,Compen- sation,Learning,Network- ing,Entrepre- neurship,Diversity,Overall score with BBW weights,Scaled overall score with BBW weights,Rank w/ BBW weights applied to 'normalized' scores,Rank w/ BBW weights applied to z-scores,Overall score with true weights,Scaled overall score with true weights,Rank w/true weights,Compen- sation z-score,Learning z-score,Network- ing z-score,Entrepre- neurship z-score,Diversity z-score,Overall z-score with BBW's wts
1,Stanford,100,100.0,74.8,100.0,100,69.9,90.8,100,1,1,93.4,100,1,1.7545,1.3246,1.5637,2.6705,0.7942,1.6352
2,Dartmouth (Tuck),92,97.3,69.0,93.2,53,69.3,81.4,88,2,2,86.9,92,2,1.6499,1.0365,1.2700,0.3245,0.7666,1.1874
3,Harvard,89,94.9,55.4,87.8,65,69.3,77.6,84,5,5,84.8,89,3,1.5569,0.3612,1.0367,0.9382,0.7666,1.0121
4,Chicago (Booth),88,94.5,59.6,91.0,71,55.2,78.6,85,3,3,83.6,88,4,1.5414,0.5698,1.1750,1.2550,0.1168,1.0671
5,Northwestern (Kellogg),88,94.3,59.0,96.2,59,57.6,78.1,84,4,4,83.4,87,5,1.5337,0.5400,1.3996,0.6561,0.2274,1.0342
5,Columbia,85,93.1,56.8,92.4,62,53.3,76.4,82,6,8,81.7,85,6,1.4872,0.4307,1.2354,0.7947,0.0292,0.9598
7,UC at Berkeley (Haas),84,91.0,46.8,79.6,73,60.5,72.6,78,11,13,80.2,84,7,1.4058,-0.0659,0.6826,1.3094,0.3610,0.7945
7,MIT (Sloan),82,94.0,33.0,73.4,67,55.6,68.0,72,21,24,79.1,82,8,1.5220,-0.7511,0.4148,1.0570,0.1352,0.5619
9,Pennsylvania (Wharton),81,92.2,17.9,86.3,53,63.9,64.8,68,28,31,78.4,81,9,1.4523,-1.5010,0.9720,0.3492,0.5177,0.3907
10,Virginia (Darden),81,89.9,68.6,88.7,55,44.3,76.0,82,7,7,78.4,81,10,1.3631,1.0167,1.0756,0.4581,-0.3855,0.9622
10,NYU (Stern),81,90.7,44.9,81.5,45,61.4,69.1,73,18,20,78.1,81,11,1.3942,-0.1602,0.7646,-0.0566,0.4025,0.6203
12,Yale,81,86.1,67.8,85.0,58,56.8,75.2,81,8,9,77.8,81,12,1.2159,0.9769,0.9158,0.5769,0.1905,0.9348
13,Michigan (Ross),79,82.4,54.3,92.8,54,63.3,71.9,77,13,14,76.1,79,13,1.0725,0.3066,1.2527,0.3938,0.4901,0.7744
13,USC (Marshall),77,80.4,48.8,86.4,66,62.5,70.0,74,15,16,74.7,77,14,0.9950,0.0335,0.9763,0.9926,0.4532,0.6957
15,Duke (Fuqua),76,83.5,37.7,84.9,33,70.1,64.6,68,29,29,74.1,76,15,1.1151,-0.5177,0.9115,-0.6506,0.8034,0.4178
16,UCLA (Anderson),74,77.9,44.2,92.8,62,57.6,68.1,72,19,22,72.5,74,16,0.8981,-0.1950,1.2527,0.7897,0.2274,0.6076
16,Georgetown (McDonough),72,76.5,69.6,86.8,63,42.8,72.0,77,12,11,70.8,72,17,0.8439,1.0663,0.9935,0.8392,-0.4546,0.8148
18,Emory (Goizueta),72,76.3,76.4,91.1,49,43.5,72.8,78,10,10,70.7,72,18,0.8361,1.4040,1.1793,0.1364,-0.4224,0.8507
18,Carnegie Mellon (Tepper),72,81.0,58.8,85.5,66,28.7,69.7,74,16,17,70.5,72,19,1.0183,0.5300,0.9374,0.9926,-1.1044,0.6913
20,Cornell (Johnson),71,86.6,43.1,69.9,39,38.1,62.4,65,32,34,70.2,71,20,1.2353,-0.2496,0.2636,-0.3684,-0.6712,0.3216
21,Texas at Austin (McCombs),71,76.2,54.5,84.9,63,46.9,68.0,72,20,19,69.9,71,21,0.8322,0.3165,0.9115,0.8590,-0.2657,0.6212
22,Rice (Jones),71,72.8,72.5,76.5,70,51.6,71.1,76,14,12,69.7,70,22,0.7005,1.2103,0.5487,1.1807,-0.0491,0.7975
23,Howard,68,57.8,69.3,93.3,52,96.6,69.7,74,17,15,67.9,68,23,0.1192,1.0514,1.2743,0.2997,2.0246,0.7507
23,Vanderbilt (Owen),67,75.2,58.8,79.4,53,38.6,65.8,69,25,27,67.0,67,24,0.7935,0.5300,0.6739,0.3294,-0.6482,0.5238
25,Rochester (Simon),67,69.0,53.1,64.2,41,79.0,61.4,64,33,33,66.6,67,25,0.5532,0.2470,0.0174,-0.2744,1.2136,0.3358
26,Indiana (Kelley),65,68.8,64.2,89.4,56,41.9,67.3,71,22,21,65.4,65,26,0.5455,0.7982,1.1058,0.4829,-0.4961,0.6128
26,Florida (Hough),64,63.3,58.8,95.6,44,62.9,65.5,69,26,26,64.8,64,27,0.3323,0.5300,1.3736,-0.0863,0.4716,0.5301
28,Maryland (Smith),64,63.8,62.8,56.3,62,74.4,62.8,65,30,28,64.4,64,28,0.3517,0.7287,-0.3238,0.7699,1.0016,0.4344
28,Georgia Tech (Scheller),63,69.2,56.3,71.4,56,45.3,62.5,65,31,30,63.7,63,29,0.5610,0.4059,0.3284,0.4779,-0.3394,0.3916
30,Washington (Foster),62,73.8,56.3,63.0,46,33.9,60.6,63,34,35,63.0,62,30,0.7392,0.4059,-0.0345,0.0176,-0.8648,0.2902
31,Southern Methodist (Cox),61,58.4,78.7,75.2,58,59.9,66.7,70,23,18,62.0,61,31,0.1425,1.5182,0.4925,0.6066,0.3334,0.6317
31,Texas-Dallas (Jindal),60,54.0,100.0,95.1,64,44.8,73.6,79,9,6,61.3,60,32,-0.0280,2.5759,1.3521,0.9085,-0.3625,0.9731
33,North Carolina (Kenan-Flagler),60,73.0,36.6,73.5,46,28.4,56.5,58,38,41,61.2,60,33,0.7082,-0.5724,0.4191,-0.0071,-1.1182,0.0827
33,Notre Dame (Mendoza),59,63.5,72.5,90.8,52,26.5,66.1,69,24,23,60.5,59,34,0.3401,1.2103,1.1663,0.2948,-1.2058,0.5730
33,Texas A&M (Mays),57,67.3,59.4,70.2,32,32.7,58.5,60,37,37,58.9,57,35,0.4874,0.5598,0.2765,-0.6802,-0.9201,0.2069
36,UC at Davis,56,57.8,53.7,41.2,45,79.6,54.1,55,43,46,58.1,56,36,0.1192,0.2768,-0.9761,-0.0517,1.2412,0.0408
36,Rutgers,55,61.2,23.3,70.0,25,68.0,49.2,49,50,55,57.4,55,37,0.2510,-1.2328,0.2679,-1.0317,0.7067,-0.2438
38,Wisconsin,55,57.3,65.8,69.1,35,55.3,58.7,60,36,36,57.1,55,38,0.0998,0.8776,0.2290,-0.5615,0.1214,0.2459
39,Brigham Young (Marriott),55,63.3,75.8,84.4,66,0.0,65.1,68,27,25,57.0,55,39,0.3323,1.3742,0.8899,1.0075,-2.4270,0.5438
39,Boston University (Questrom),54,57.8,53.5,56.0,42,61.5,54.8,55,41,43,56.6,54,40,0.1192,0.2668,-0.3368,-0.1853,0.4071,0.0642
39,Pittsburgh (Katz),54,47.0,77.8,67.7,35,85.2,60.5,62,35,32,56.5,54,41,-0.2993,1.4735,0.1686,-0.5268,1.4993,0.3690
42,Minnesota (Carlson),51,62.5,29.4,65.6,39,31.6,49.0,48,51,54,53.7,51,42,0.3013,-0.9299,0.0779,-0.3437,-0.9708,-0.2432
42,Michigan State (Broad),50,58.5,52.0,68.9,12,45.8,52.0,52,49,49,53.5,50,43,0.1463,0.1924,0.2204,-1.6652,-0.3164,-0.0859
44,North Carolina State (Jenkins),50,46.2,43.7,37.1,48,100.0,48.7,48,52,50,53.5,50,44,-0.3303,-0.2198,-1.1532,0.1018,2.1813,-0.1801
44,Texas Christian (Neeley),50,48.4,50.2,63.2,53,67.0,53.5,54,45,47,53.3,50,45,-0.2451,0.1030,-0.0258,0.3195,0.6606,0.0296
44,Miami,49,41.0,58.6,65.0,52,84.9,54.8,55,40,39,52.5,49,46,-0.5318,0.5201,0.0519,0.2700,1.4855,0.1137
44,Penn State (Smeal),49,62.0,28.6,73.6,0,40.4,46.1,45,56,61,52.4,49,47,0.2820,-0.9696,0.4234,-2.2789,-0.5652,-0.3962
44,Tennessee (Haslam),49,51.7,55.7,69.7,27,53.1,53.1,53,47,48,52.2,49,48,-0.1172,0.3761,0.2549,-0.9376,0.0200,-0.0102
44,Ohio State (Fisher),48,62.5,24.9,56.9,17,38.9,44.3,42,58,64,51.8,48,49,0.3013,-1.1534,-0.2979,-1.4177,-0.6344,-0.4677
50,Georgia (Terry),47,54.1,42.1,58.4,34,44.8,48.5,48,53,51,50.6,47,50,-0.0242,-0.2992,-0.2331,-0.6011,-0.3625,-0.2306
50,Pepperdine (Graziadio),46,40.2,59.1,54.9,69,68.5,53.5,54,46,42,49.8,46,51,-0.5628,0.5449,-0.3843,1.1312,0.7297,0.0698
52,George Washington,45,49.1,16.1,31.9,16,97.1,37.6,34,67,68,49.5,45,52,-0.2179,-1.5903,-1.3778,-1.4820,2.0477,-0.7351
53,Babson (Olin),45,45.5,53.4,52.2,92,37.1,53.6,54,44,44,49.2,45,53,-0.3574,0.2619,-0.5009,2.2894,-0.7173,0.0638
53,UC at Irvine (Merage),45,41.6,32.3,48.2,37,92.5,44.2,42,60,62,49.0,45,54,-0.5086,-0.7859,-0.6737,-0.4476,1.8357,-0.4001
55,Arizona State (Carey),45,53.8,18.8,46.8,24,59.4,40.3,38,64,66,48.8,45,55,-0.0358,-1.4563,-0.7342,-1.1108,0.3103,-0.6258
55,Hult,43,33.4,65.7,47.5,65,84.9,52.4,53,48,45,47.8,43,56,-0.8263,0.8727,-0.7039,0.9283,1.4855,0.0440
57,Fordham (Gabelli),43,49.6,48.3,51.5,45,36.0,47.8,47,54,52,47.2,43,57,-0.1986,0.0086,-0.5312,-0.0616,-0.7680,-0.2366
57,William and Mary (Mason),41,37.7,67.5,69.0,66,38.3,54.3,55,42,40,45.6,40,58,-0.6597,0.9621,0.2247,0.9778,-0.6620,0.1131
57,Baylor (Hankamer),40,31.9,81.6,70.2,48,59.5,55.9,57,39,38,45.3,40,59,-0.8845,1.6622,0.2765,0.1166,0.3150,0.2034
60,San Diego,38,38.3,45.2,56.6,59,45.4,46.3,45,55,56,43.4,38,60,-0.6365,-0.1453,-0.3109,0.6165,-0.3348,-0.2749
60,Northeastern (D'Amore-McKim),32,39.5,16.3,42.0,17,57.7,32.7,28,70,73,39.0,32,61,-0.5900,-1.5804,-0.9415,-1.4524,0.2320,-0.9403
60,Purdue (Krannert),31,44.9,20.4,29.9,3,45.1,30.8,26,74,75,38.2,31,62,-0.3807,-1.3768,-1.4641,-2.1403,-0.3486,-1.0386
63,Boston College (Carroll),30,49.4,8.8,42.4,3,18.2,29.4,24,77,77,37.1,30,63,-0.2063,-1.9528,-0.9242,-2.1304,-1.5883,-1.1342
64,SUNY at Buffalo,29,21.8,56.8,66.5,40,59.8,44.2,42,59,57,36.5,29,64,-1.2759,0.4307,0.1167,-0.2892,0.3288,-0.3300
64,Denver (Daniels),29,29.5,33.5,42.4,38,59.2,36.4,33,68,67,36.4,29,65,-0.9775,-0.7263,-0.9242,-0.3932,0.3011,-0.7221
64,Willamette (Atkinson),29,17.9,47.6,61.7,60,69.3,42.8,41,63,60,36.0,28,66,-1.4270,-0.0261,-0.0906,0.6660,0.7666,-0.3865
64,Utah (Eccles),28,39.2,21.1,9.6,40,43.5,29.7,24,76,76,35.5,28,67,-0.6016,-1.3420,-2.3410,-0.2793,-0.4224,-1.0476
68,Houston (Bauer),26,25.3,55.2,75.2,44,25.5,44.1,42,61,58,34.3,26,68,-1.1402,0.3513,0.4925,-0.1259,-1.2519,-0.3515
68,Bentley,26,21.6,38.8,36.3,30,76.6,34.3,30,69,69,33.6,26,69,-1.2836,-0.4631,-1.1877,-0.8040,1.1030,-0.7908
68,American (Kogod),25,25.1,33.9,22.4,12,81.9,30.2,25,75,74,33.2,25,70,-1.1480,-0.7064,-1.7881,-1.6899,1.3472,-0.9973
71,UC at San Diego (Rady),24,26.2,61.0,49.5,69,12.0,43.2,41,62,59,32.5,24,71,-1.1054,0.6393,-0.6176,1.1411,-1.8740,-0.3638
72,Mississippi,24,17.6,57.4,84.2,67,22.3,46.0,45,57,53,32.2,24,72,-1.4386,0.4605,0.8812,1.0124,-1.3993,-0.2368
72,Colorado at Boulder (Leeds),23,27.5,26.2,32.2,57,37.3,32.3,28,71,71,31.7,23,73,-1.0550,-1.0888,-1.3648,0.5324,-0.7081,-0.8975
74,Tampa (Sykes),23,14.5,61.6,40.4,49,65.2,39.8,37,66,65,31.4,23,74,-1.5588,0.6691,-1.0106,0.1661,0.5776,-0.4941
74,South Carolina (Darla Moore),21,36.7,19.6,33.7,9.1,18.3,26.8,21,78,79,30.1,21,75,-0.6985,-1.4165,-1.3000,-1.8285,-1.5837,-1.2018
74,Florida International (Chapman),20,1.1,58.9,54.9,57,90.0,39.9,37,65,63,29.3,20,76,-2.0780,0.5350,-0.3843,0.5274,1.7205,-0.4610
77,Rochester Institute of Technology (Saunders),16,21.0,18.1,16.9,22,58.6,22.9,16,81,81,26.2,16,77,-1.3069,-1.4910,-2.0257,-1.1851,0.2735,-1.3305
77,Case Western Reserve (Weatherhead),16,23.6,17.4,32.5,27,34.4,24.8,18,80,80,25.9,16,78,-1.2061,-1.5258,-1.3518,-0.9673,-0.8417,-1.2533
77,Oklahoma (Price),16,29.6,19.8,32.3,37,2.8,26.2,20,79,78,25.6,16,79,-0.9736,-1.4066,-1.3605,-0.4278,-2.2980,-1.2016
77,Tulane (Freeman),15,18.0,40.5,36.2,51,24.0,31.5,27,73,72,25.2,15,80,-1.4231,-0.3787,-1.1920,0.2552,-1.3210,-0.9009
81,Baruch (Zicklin),14,27.6,0.0,23.7,5,36.6,17.8,10,83,83,24.6,14,81,-1.0511,-2.3898,-1.7319,-2.0562,-0.7403,-1.6105
81,Syracuse (Whitman),13,11.2,36.3,58.8,54,23.4,32.3,28,72,70,23.4,13,82,-1.6866,-0.5873,-0.2159,0.3839,-1.3486,-0.8620
83,Kentucky (Gatton),3,6.9,20.2,35.6,32,23.9,19.9,12,82,82,15.5,3,83,-1.8533,-1.3867,-1.2179,-0.6802,-1.3256,-1.4318
84,Charleston,0,0.0,9.8,0.0,7,76.4,10.0,0,84,84,13.1,0,84,-2.1207,-1.9032,-2.7556,-1.9275,1.0938,-1.8758